Fase,Atividade,ResponsÃ¡vel,Prazo,Status
1,ConfiguraÃ§Ã£o Supabase,TI,1 dia,âœ… ConcluÃ­do
1,CriaÃ§Ã£o do banco de dados,TI,1 dia,âœ… ConcluÃ­do
1,Deploy da aplicaÃ§Ã£o,TI,1 dia,âœ… ConcluÃ­do
2,Treinamento professores,CoordenaÃ§Ã£o,2 dias,ğŸ“‹ Planejado
2,Treinamento gestores,DireÃ§Ã£o,1 dia,ğŸ“‹ Planejado
3,MigraÃ§Ã£o dados existentes,Secretaria,3 dias,ğŸ“‹ Planejado
3,Testes em produÃ§Ã£o,Todos,1 semana,ğŸ“‹ Planejado
4,ImplementaÃ§Ã£o total,Escola,1 dia,ğŸ“‹ Planejado
4,Monitoramento inicial,TI,1 semana,ğŸ“‹ Planejado
5,Ajustes e melhorias,TI,ContÃ­nuo,ğŸ“‹ Planejado
